age;gender;education_level;job_level;experience_years;distance_from_home;absence;child;income
31;F;4;1;0;1;0;0;4288
44;F;1;2;0;1;3;0;3537
32;M;4;1;0;1;1;0;3571
18;M;4;1;0;1;1;1;1276
30;M;1;1;0;1;0;0;8672
40;F;4;2;0;1;1;1;8937
42;M;4;1;0;1;35;0;9572
30;F;4;1;20;1;3;0;2764
30;F;4;1;0;1;1;0;35198
35;M;4;2;0;1;4;0;8631
28;F;1;1;3;1;1;1;6754
28;M;1;1;1;1;3;0;6830
34;F;4;1;0;1;1;0;18454
28;F;3;1;0;1;2;0;3439
43;F;1;4;3;1;2;0;4601
23;M;4;1;0;1;41;0;2321
32;F;4;1;3;1;3;0;6381
21;M;3;1;0;1;3;0;7841
34;M;4;1;3;1;1;0;9811
27;M;4;1;0;1;0;0;9527
11;M;4;2;7;1;2;0;5872
36;F;1;1;0;1;1;0;1276
35;M;4;2;13;1;2;0;7377
28;M;4;4;1;1;3;0;1276
26;M;1;2;14;1;3;0;5628
31;F;1;1;0;1;0;0;6512
44;F;4;4;0;1;48;0;4769
29;F;4;4;0;1;2;0;5256
33;F;4;2;1;1;1;0;1951
29;F;4;1;0;1;1;0;3879
29;M;1;1;0;1;2;0;1276
38;F;1;4;0;1;0;0;8939
39;M;4;1;0;1;0;1;7670
27;F;1;1;1;1;40;1;4763
8;M;4;1;0;1;2;0;3498
24;F;4;1;0;1;36;0;21164
39;F;1;1;0;1;0;0;41606
38;M;4;4;0;1;0;0;8302
33;M;1;1;0;1;0;0;15137
23;M;4;4;0;1;1;0;6071
23;M;1;1;0;1;42;0;6256
31;F;4;4;0;1;3;0;10577
6;F;4;3;0;1;1;0;23763
29;F;1;1;0;1;1;0;5812
31;M;1;1;0;1;1;0;9465
32;M;4;1;0;1;44;0;6747
31;M;3;1;2;1;0;0;5302
34;M;4;1;3;1;2;1;6481
42;M;4;1;8;1;1;0;9043
27;M;4;4;0;1;2;0;9630
27;M;4;1;0;1;3;0;8372
33;F;4;1;0;1;1;0;29686
24;F;1;1;0;1;3;1;1341
32;F;4;2;0;1;2;1;9294
29;M;1;1;0;1;0;0;26632
30;F;1;4;3;1;2;0;5927
26;F;1;1;0;1;0;1;4516
40;M;4;1;2;1;3;0;2720
30;F;4;1;3;1;55;0;19921
26;M;4;1;8;1;0;0;2442
31;M;4;1;0;1;1;1;4537
31;F;4;1;0;1;2;1;4332
30;M;1;1;0;1;2;0;5214
24;M;4;1;0;1;3;0;29686
33;M;4;1;8;1;1;0;6300
45;M;3;2;0;1;1;0;11035
28;M;4;1;0;1;0;0;7576
20;F;4;1;0;1;46;0;4109
29;M;1;1;0;1;0;0;1276
31;M;4;1;0;1;0;0;3818
14;F;1;1;0;1;1;0;7168
45;F;4;1;2;1;2;0;1769
26;M;4;1;0;1;1;1;3588
28;M;4;1;3;1;1;0;5883
25;F;1;1;0;1;2;0;5649
26;F;4;1;0;1;1;0;25102
42;F;1;1;0;1;0;0;7692
29;M;4;2;0;1;0;0;10429
33;F;1;4;0;1;2;0;7270
29;M;4;1;0;1;2;0;9296
24;M;4;1;0;1;2;0;2892
38;M;4;1;0;1;2;0;8146
34;M;4;1;0;1;4;0;3980
36;M;4;1;3;1;3;0;1276
25;M;4;1;0;1;2;1;6633
27;F;4;1;0;1;5;4;6170
30;M;4;4;2;1;3;1;8194
25;M;1;1;0;1;3;0;1276
27;F;1;1;0;1;0;0;33780
28;M;4;1;0;1;3;0;1276
25;F;1;1;1;1;23;0;5497
31;M;4;2;0;1;3;0;36194
32;M;1;4;0;1;1;0;3203
47;F;4;1;2;1;2;1;2873
22;F;1;1;1;1;1;0;7713
31;M;1;1;0;1;3;0;11621
32;F;4;1;4;1;0;0;6003
20;M;4;1;0;1;0;0;9052
21;F;4;1;0;1;1;0;6987
20;M;4;1;0;1;1;0;7008
29;F;4;1;2;1;1;0;8577
27;F;4;1;0;1;2;0;8343
32;F;1;1;14;1;3;0;3093
35;F;4;1;0;1;0;0;7742
30;M;4;1;9;1;2;0;4928
27;M;4;4;0;1;1;0;8531
25;M;1;4;2;1;2;0;5097
25;F;1;2;3;1;3;1;42529
35;M;1;1;3;1;51;0;1276
40;F;4;1;0;1;2;0;7141
34;F;4;4;0;1;0;0;5547
32;M;1;1;0;1;0;0;7460
31;M;3;2;6;1;2;1;18413
20;M;4;1;0;1;1;0;14087
26;F;4;2;0;1;1;0;5350
37;M;1;1;0;1;2;0;3479
22;M;4;1;0;1;4;1;1276
36;M;4;1;0;1;1;0;5577
21;M;4;1;0;1;0;0;2567
32;F;4;1;0;1;3;1;4994
29;F;1;2;3;1;1;1;2702
44;F;1;1;0;1;52;0;6021
37;F;4;1;0;1;1;0;10731
12;M;3;1;0;1;0;1;1276
26;F;3;1;0;1;1;0;41131
35;M;1;1;3;1;2;0;7872
35;M;4;2;0;1;3;0;5966
28;F;4;3;0;1;3;0;7896
33;F;4;2;0;1;3;0;15911
5;F;3;1;0;1;0;0;6399
32;F;4;1;3;1;2;1;1276
38;F;1;1;0;1;2;0;4508
31;M;4;1;0;1;2;0;5208
38;F;4;1;0;1;2;0;4383
28;M;4;1;0;1;57;1;6220
24;F;1;1;0;1;28;0;10659
36;F;4;1;0;1;0;0;9096
33;M;4;3;0;1;2;0;37068
26;M;1;1;0;1;2;0;2786
27;M;4;1;0;1;3;0;2783
33;M;4;1;0;1;1;0;6220
46;M;1;4;0;1;0;0;10185
33;M;4;1;0;1;0;0;16152
32;M;1;2;0;1;2;0;1276
29;M;1;1;0;1;2;0;6863
43;M;4;1;0;1;0;0;4833
35;F;4;1;0;1;1;0;5211
41;M;4;1;0;1;0;0;8918
28;M;4;1;0;1;1;0;6607
36;M;4;4;0;1;37;0;4765
0;F;4;1;0;1;3;0;2846
20;F;4;1;3;1;45;0;10615
28;F;1;1;0;1;1;0;4506
32;M;3;1;0;1;2;0;8806
41;M;4;4;0;1;1;1;9836
23;M;4;1;0;1;2;0;5761
38;F;1;1;2;1;42;1;6988
39;M;4;1;0;1;41;1;4763
20;F;1;2;0;1;3;0;13960
29;F;1;1;0;1;2;1;6757
47;M;1;1;0;1;1;0;18853
36;M;4;4;0;1;2;0;8476
37;M;4;1;0;1;1;0;1276
20;M;4;1;0;1;0;0;1375
30;M;4;4;4;1;2;0;10473
30;M;4;1;3;1;0;0;2446
35;M;1;1;2;1;42;0;5649
33;M;4;1;0;1;1;0;1276
37;M;4;1;0;1;2;0;6868
24;M;1;1;0;1;2;0;9088
29;F;4;1;0;1;0;0;1276
21;F;4;1;0;1;0;0;13192
44;M;4;1;2;1;1;1;4690
28;F;4;1;0;1;41;0;15255
32;M;1;1;3;1;0;0;42195
33;M;4;1;2;1;0;0;18258
39;M;1;1;3;1;0;0;3209
32;F;4;1;3;1;2;0;8380
27;F;1;4;0;1;3;0;5284
21;M;1;1;0;1;16;0;10271
30;M;1;1;0;1;2;0;1276
29;M;4;2;0;1;0;1;8311
29;M;4;1;2;1;3;0;7795
36;M;4;1;3;1;37;0;3050
53;F;4;1;0;1;2;0;1597
32;F;4;1;0;1;0;0;23525
29;F;1;1;0;1;1;0;2445
25;F;1;1;1;1;2;0;7553
39;F;4;1;3;1;0;1;5979
29;M;4;1;0;1;45;0;1276
34;F;4;1;0;1;3;0;4663
22;F;4;1;2;1;0;0;9084
39;F;4;1;0;1;2;0;3084
22;F;4;4;2;1;1;0;1981
26;M;1;1;0;1;0;1;34516
25;M;4;2;0;1;2;0;1879
29;F;4;2;0;1;3;0;1276
29;M;1;1;0;1;2;0;6385
27;F;3;1;0;1;3;0;4264
31;M;4;1;0;1;2;0;7668
31;F;1;1;0;1;1;0;7855
31;F;4;2;0;1;2;1;7305
22;M;4;1;3;1;2;0;7214
28;F;4;1;0;1;3;0;4236
27;F;1;2;0;1;2;0;5089
21;F;4;1;0;1;2;0;4303
26;M;1;4;0;1;30;0;8757
26;M;4;2;0;1;3;0;3021
32;F;1;3;0;1;3;0;4905
25;M;4;4;0;1;1;0;24100
40;M;4;1;4;1;2;0;6639
28;M;4;2;3;1;3;2;1702
31;M;1;1;3;1;3;0;30911
33;F;1;1;1;1;31;0;41756
36;M;3;2;0;1;47;0;3875
29;F;1;1;0;1;0;0;10475
54;F;4;1;0;1;1;0;6909
34;M;4;1;1;1;2;1;5608
24;M;4;1;1;1;1;0;7568
39;F;4;1;0;1;0;0;23431
33;F;1;1;0;1;2;1;3871
20;F;1;1;17;1;2;0;7464
28;M;4;1;0;1;4;0;15871
21;F;4;1;0;1;2;0;3969
27;F;1;1;2;1;2;0;5391
35;F;4;4;0;1;2;0;2172
37;F;1;4;0;1;2;0;8098
1;F;4;1;8;1;45;1;7729
21;M;4;1;3;1;3;0;3713
34;F;4;1;0;1;50;0;8688
32;F;4;4;0;1;2;0;36840
20;F;1;1;0;1;3;0;7581
26;M;4;1;0;1;1;0;7558
22;F;1;1;3;1;2;0;4848
5;M;1;1;10;1;1;0;1276
33;M;4;1;0;1;2;0;12449
28;M;3;1;2;1;2;1;4223
36;F;4;1;3;1;4;0;1276
39;F;4;1;0;1;3;0;3361
36;M;4;1;0;1;3;0;5594
30;F;4;3;0;1;2;0;2199
25;M;1;1;3;1;55;0;5954
25;M;3;2;2;1;2;0;2854
29;M;1;1;2;1;59;0;2142
39;M;1;1;0;1;2;0;1276
29;F;4;2;0;1;2;0;3165
34;M;1;4;2;1;0;0;5761
29;M;4;1;3;1;2;0;30764
21;F;4;1;0;1;2;0;1276
35;F;4;1;0;1;2;0;13354
39;M;4;1;0;1;1;0;37955
28;M;1;4;0;1;40;0;6769
28;M;4;1;0;1;4;0;3238
9;M;4;1;7;1;2;1;11237
32;M;4;1;0;1;2;1;4489
29;M;4;1;4;1;3;1;4086
28;M;4;1;0;1;2;0;3976
27;F;4;1;3;1;2;0;5713
27;M;4;1;0;1;0;0;11380
32;M;4;1;0;1;2;0;1276
35;F;3;1;1;1;1;0;5565
25;M;4;2;0;1;3;0;20450
32;F;1;1;0;1;0;0;4731
30;M;4;1;2;1;2;0;7854
23;M;1;1;0;1;2;0;6703
24;F;4;1;11;1;2;0;9214
24;M;4;4;11;1;29;0;6224
25;F;4;1;1;1;2;0;3417
29;M;1;2;2;1;3;0;2594
33;F;4;1;0;1;3;0;5724
24;F;1;1;0;1;2;0;3700
30;M;4;1;3;1;3;0;10668
33;M;4;2;7;1;43;0;5220
22;M;4;1;0;1;0;0;8700
28;M;4;1;3;1;3;0;27814
40;F;4;1;4;1;2;0;6785
32;M;4;1;0;1;2;0;9904
27;M;4;1;0;1;36;0;6738
42;F;4;1;0;1;1;1;6511
24;F;4;1;3;1;2;0;6506
29;F;1;1;10;1;29;0;9635
26;M;4;1;0;1;3;0;8057
40;F;1;1;0;1;1;0;8486
37;F;4;1;2;1;48;0;4420
25;M;4;2;0;1;2;0;1654
29;F;4;1;0;1;0;0;3815
32;F;4;1;0;1;3;0;3720
27;F;1;1;0;1;0;0;8724
27;M;3;1;8;1;32;1;8088
26;F;4;1;1;1;2;0;3443
27;F;1;4;3;1;35;0;2401
22;F;1;4;1;1;46;0;7896
23;M;4;1;1;1;1;0;2441
31;M;4;3;0;1;2;0;10945
34;M;4;1;0;1;0;0;4486
29;M;4;1;0;1;2;0;2176
35;M;4;1;0;1;27;0;1276
33;M;4;3;0;1;2;0;1276
51;M;4;1;0;1;0;0;6497
33;M;4;1;0;1;3;1;6648
23;M;1;4;0;1;40;0;5815
22;F;4;1;2;1;1;0;12427
28;M;1;1;8;1;3;0;5515
6;M;4;1;0;1;2;0;1276
37;M;1;1;0;1;2;0;3226
29;M;3;1;9;1;2;0;23074
25;M;1;1;8;1;0;0;6766
34;F;1;2;2;1;32;0;7403
34;M;4;1;0;1;2;0;5389
16;M;4;1;0;1;1;0;6374
6;F;4;1;0;1;0;0;13416
20;M;3;1;0;1;2;0;6158
27;M;4;1;3;1;1;1;6786
24;M;4;1;3;1;3;0;19364
40;F;4;2;3;1;3;0;6724
23;M;1;1;0;1;42;0;22061
40;F;4;1;2;1;3;0;7088
37;M;4;1;0;1;3;0;7527
21;M;1;2;5;1;0;0;9983
32;F;4;1;3;1;1;0;5287
28;M;1;1;0;1;0;0;4130
38;M;4;1;0;1;0;0;6797
31;M;4;1;0;1;3;0;7944
19;M;4;1;0;1;4;0;5019
29;F;1;1;0;1;16;3;7394
27;F;4;1;0;1;30;0;27201
23;F;4;1;0;1;1;0;26172
37;F;4;1;0;1;0;0;6994
41;M;4;2;3;1;2;0;2441
30;M;1;2;0;1;2;1;6754
32;F;4;4;0;1;0;0;4484
41;F;1;1;3;1;45;0;3821
28;F;4;1;0;1;0;0;3871
34;M;4;1;0;1;1;0;6140
55;M;4;1;0;1;3;0;10564
27;M;1;4;0;1;0;0;7378
32;M;1;1;0;1;0;0;8107
32;M;4;1;1;1;0;0;4458
36;F;1;2;0;1;2;0;7674
34;F;4;1;0;1;3;0;3429
24;F;4;1;9;1;51;0;1276
28;M;4;1;4;1;17;0;8700
21;F;1;2;0;1;43;0;2660
36;M;4;1;0;1;0;0;4292
32;M;4;2;6;1;0;0;8297
26;M;1;3;0;1;0;0;35699
27;F;4;1;0;1;53;0;9301
34;F;4;1;0;1;3;0;1276
26;M;1;1;3;1;0;0;5491
33;F;1;1;0;1;0;0;30522
27;F;4;1;0;1;3;0;3058
25;M;4;1;0;1;0;0;6148
32;F;4;1;0;1;0;0;6237
18;M;4;1;0;1;1;1;8161
28;F;4;1;1;1;2;0;8106
31;M;4;1;0;1;0;0;5927
20;F;1;1;7;1;35;0;4748
21;M;1;1;0;1;3;0;7390
28;M;4;1;3;1;3;0;8149
21;M;4;1;0;1;2;0;31576
36;F;1;1;0;1;2;0;1276
38;F;1;1;0;1;2;0;5282
26;M;1;1;0;1;0;0;8812
35;F;4;2;0;1;1;0;1276
30;F;1;2;0;1;1;0;12574
22;F;1;1;0;1;24;0;11753
42;M;1;1;1;1;0;0;6074
31;M;4;1;2;1;1;0;3838
40;F;4;1;0;1;0;0;6956
39;F;4;1;0;1;32;0;14073
33;M;1;1;0;1;1;0;4245
29;M;4;1;0;1;0;0;7388
20;M;4;2;0;1;1;0;5690
24;M;4;1;0;1;1;0;4518
23;M;4;4;0;1;2;0;5029
27;M;4;1;0;1;45;0;5483
22;M;4;1;0;1;3;0;9267
29;M;1;2;2;1;1;0;15012
24;F;1;1;0;1;3;0;6807
33;F;4;2;0;1;0;0;3633
23;M;1;1;0;1;24;0;7570
25;F;1;4;0;1;50;0;4641
37;M;4;1;0;1;2;0;7594
34;F;4;1;0;1;1;0;13255
31;M;1;1;0;1;2;0;6451
5;M;1;1;0;1;1;0;8827
35;F;1;1;2;1;0;1;6527
27;M;4;1;0;1;37;0;5514
25;M;4;1;0;1;0;0;8895
29;F;4;3;0;1;0;0;5964
26;M;4;1;2;1;3;0;8404
24;F;4;1;0;1;3;0;5105
36;M;4;1;0;1;52;0;4272
21;F;4;1;2;1;2;0;1912
34;M;4;1;0;1;1;0;3945
25;M;4;1;3;1;0;0;7246
36;M;1;1;0;1;2;0;2881
24;M;4;4;0;1;3;0;5323
8;F;1;1;2;1;56;1;13925
32;M;4;1;0;1;0;0;25566
28;M;4;1;8;1;1;0;1719
22;M;4;4;3;1;41;0;5651
32;M;1;1;1;1;2;0;11503
28;M;4;2;10;1;2;0;9416
28;F;1;2;0;1;1;0;4255
32;M;1;1;0;1;0;0;6927
52;M;4;1;0;1;0;0;5344
25;F;3;2;0;1;0;1;7545
28;M;1;1;1;1;2;0;1694
48;M;4;1;0;1;1;0;10638
27;F;4;1;0;1;2;0;5518
31;F;4;1;2;1;0;0;6181
30;M;1;1;0;1;0;0;7943
30;F;4;1;0;1;3;0;1276
39;F;4;2;0;1;3;1;6643
49;F;4;1;0;1;0;0;8563
29;M;4;1;2;1;3;0;36718
26;F;4;1;1;1;0;0;6836
33;F;4;1;2;1;3;0;5203
24;M;4;1;0;1;0;0;8348
29;M;1;4;3;1;28;0;9086
29;F;4;3;0;1;4;0;6401
29;M;1;2;0;1;2;0;7797
33;M;4;1;2;1;0;1;2540
28;M;4;1;7;1;3;0;7800
34;F;3;4;0;1;1;0;5272
22;M;1;1;0;1;2;0;19081
24;M;4;1;3;1;54;1;7978
23;M;1;1;0;1;1;0;5041
27;M;4;3;3;1;53;1;15676
32;M;4;1;0;1;2;0;8797
24;M;4;1;0;1;2;0;5459
27;M;4;1;2;1;3;0;7116
20;F;4;1;20;1;2;0;4666
36;F;1;1;2;1;4;0;4868
51;F;4;1;1;1;2;0;3241
8;F;1;1;0;1;0;0;6680
34;F;1;1;0;1;2;0;8501
30;M;1;1;0;1;2;0;9830
38;F;1;1;0;1;1;0;3040
25;M;1;1;0;1;2;0;2756
22;M;4;1;0;1;3;0;6035
25;F;3;1;0;1;0;0;24900
22;F;4;1;0;1;2;0;7426
20;M;4;1;2;1;2;0;16912
24;F;4;1;0;1;3;0;1842
27;F;1;4;0;1;3;0;6799
25;M;4;1;3;1;3;0;6988
23;M;1;1;0;1;40;0;9469
34;F;4;1;0;1;0;0;6851
30;F;1;1;0;1;1;1;1276
42;M;4;2;0;1;0;0;5250
24;M;1;1;0;1;30;0;15799
33;M;4;1;0;1;1;0;10205
40;M;1;2;15;1;1;0;4649
47;F;1;1;5;1;37;0;6833
29;M;4;1;1;1;0;0;4809
32;F;1;1;0;1;3;1;7215
33;M;1;4;0;1;3;1;3628
34;M;4;1;18;1;3;0;2091
30;M;4;1;3;1;3;0;1490
32;F;4;1;0;1;1;0;5077
25;M;4;1;0;1;43;0;3412
28;F;4;1;2;1;0;0;4379
34;M;4;1;0;1;3;0;4598
26;F;1;2;0;1;1;0;1731
26;F;1;3;3;1;1;0;3437
23;M;1;1;0;1;3;0;1276
29;M;4;1;0;1;3;0;7328
22;F;1;1;1;1;0;0;1276
32;F;1;1;0;1;0;0;5308
33;M;1;1;3;1;2;0;3803
35;M;4;1;0;1;2;0;7229
39;M;4;2;3;1;0;0;1276
38;M;4;1;0;1;1;0;1276
28;F;4;1;3;1;2;0;31805
39;M;4;1;0;1;1;0;4092
39;M;4;2;0;1;1;0;7734
32;F;1;1;0;1;0;0;8952
24;F;4;1;0;1;3;0;9923
30;M;4;1;3;1;0;0;9738
32;F;4;1;0;1;2;0;4870
39;M;1;1;11;1;0;0;6044
29;M;4;4;0;1;2;0;6182
20;F;4;3;0;1;34;0;1276
22;M;1;1;2;1;3;0;9062
24;M;4;1;2;1;0;1;4426
27;M;3;4;3;1;1;0;36041
21;F;3;1;9;1;41;0;6302
33;M;1;2;2;1;2;0;36924
26;F;4;1;0;1;3;1;21178
15;M;4;1;0;1;0;0;7365
24;F;4;1;0;1;0;0;6584
33;F;1;1;0;1;39;1;28203
31;M;4;1;0;1;3;0;4752
26;F;1;1;3;1;0;0;8588
40;F;4;1;0;1;0;0;6462
31;F;4;1;3;1;44;0;5367
28;M;1;1;1;1;3;0;3516
29;M;1;2;0;1;3;0;12485
27;M;1;1;0;1;0;0;2336
6;M;4;1;0;1;0;0;4750
24;M;4;4;0;1;2;0;7378
37;M;4;1;0;1;2;0;3097
33;M;4;1;0;1;3;0;6956
35;M;4;3;0;1;3;0;7099
34;M;4;1;0;1;0;0;9478
32;F;1;1;0;1;2;1;7067
37;M;4;4;0;1;2;0;2212
0;M;4;1;0;1;2;0;2254
27;F;1;1;0;1;1;1;6822
32;M;1;1;0;1;1;1;5982
25;M;4;1;0;1;3;0;7962
30;F;4;1;17;1;1;0;7840
42;F;4;1;7;1;43;0;4445
24;F;1;1;0;1;1;0;9275
27;M;1;4;1;1;0;0;4081
47;M;1;1;1;1;0;0;10967
22;M;1;1;6;1;0;0;4909
27;F;4;1;0;1;2;0;4409
28;M;1;2;0;1;2;0;7706
34;M;4;4;0;1;2;0;7617
33;F;4;1;0;1;3;1;8334
19;M;1;1;2;1;0;0;7784
30;M;4;2;0;1;3;0;6407
32;M;1;4;0;1;1;0;2671
22;M;1;1;4;1;1;0;9487
6;F;4;1;0;1;37;1;3721
34;F;1;1;7;1;0;0;7023
34;M;4;1;0;1;57;0;6314
9;F;3;1;0;1;0;0;4496
33;F;4;2;9;1;3;0;31586
26;M;1;1;0;1;45;0;7358
34;M;1;1;9;1;1;0;5864
28;M;4;3;1;1;1;0;8151
29;M;1;3;0;1;0;0;1898
0;F;4;1;0;1;2;1;8566
45;M;4;1;1;1;1;0;5945
20;F;1;1;0;1;1;0;4274
31;M;4;1;0;1;1;0;28163
19;M;4;1;3;1;46;0;7274
31;M;4;1;0;1;0;0;3178
24;M;4;1;0;1;3;0;32870
27;M;4;1;0;1;2;0;1276
29;M;4;1;8;1;2;0;4906
23;M;3;1;3;1;1;0;2299
34;F;1;3;2;1;3;0;4527
3;F;4;1;0;1;45;0;7221
24;F;4;1;0;1;2;0;14809
24;M;1;1;0;1;0;0;6403
22;F;1;1;0;1;0;0;24620
21;M;4;1;8;1;1;0;22958
37;M;1;1;2;1;1;1;2709
26;M;1;1;2;1;3;0;7036
33;M;4;3;0;1;58;1;5873
23;M;4;3;0;1;3;0;7142
25;M;4;1;3;1;3;0;4262
22;M;4;1;0;1;2;0;3119
39;M;4;1;0;1;0;0;4394
27;M;4;1;1;1;2;0;7695
30;M;4;1;0;1;0;0;2307
24;F;4;1;0;1;0;0;8719
36;F;1;3;0;1;0;0;5645
26;F;4;1;0;1;2;0;25796
22;F;4;1;0;1;1;0;10591
23;M;1;1;0;1;27;0;9356
28;F;4;2;1;1;2;0;10081
22;F;1;3;0;1;22;0;7133
34;M;4;1;2;1;0;0;3952
31;M;1;1;0;1;3;0;1276
32;F;4;4;0;1;1;0;2055
20;F;4;1;0;1;10;0;7147
33;M;4;1;0;1;2;0;1276
32;M;4;1;0;1;3;0;3325
33;M;1;4;0;1;3;1;2805
38;M;4;1;2;1;42;1;2736
30;M;4;1;13;1;4;0;3325
30;M;1;1;0;1;0;0;3335
29;M;4;1;2;1;2;0;7736
33;F;4;1;3;1;0;0;16730
25;F;4;1;0;1;40;0;8176
45;F;1;3;0;1;2;0;4902
28;M;4;1;0;1;3;0;3887
31;F;1;1;0;1;0;0;7206
34;F;1;4;2;1;1;0;8306
23;F;1;1;0;1;33;0;1795
28;F;4;4;0;1;3;0;8287
23;F;1;1;0;1;2;1;5287
24;F;4;1;1;1;2;1;34295
28;F;4;2;0;1;1;0;3578
39;M;4;1;0;1;2;1;4239
19;M;4;1;3;1;2;0;4882
39;M;1;1;0;1;1;0;6943
24;F;4;1;5;1;49;0;7497
33;M;4;4;0;1;3;0;8117
25;F;4;2;0;1;52;0;7565
34;M;1;1;0;1;3;3;3356
25;F;4;4;0;1;3;0;7250
24;M;1;1;0;1;0;0;2629
20;M;4;1;0;1;3;0;1276
24;M;1;1;0;1;2;0;9706
37;F;1;1;0;1;0;0;1923
39;M;1;1;2;1;1;0;4144
38;M;1;2;2;1;2;0;7930
34;M;1;1;0;1;0;0;6626
23;F;4;1;0;1;0;0;26136
30;F;3;1;0;1;0;0;3120
27;M;4;1;0;1;1;1;7782
25;F;4;1;0;1;2;0;2739
23;M;4;1;0;1;1;0;8398
29;M;1;1;0;1;2;1;6584
24;M;4;1;2;1;3;1;3165
34;M;4;1;0;1;0;0;3923
39;M;4;1;0;1;4;0;8104
39;F;1;1;0;1;37;0;5178
27;M;4;1;9;1;55;0;5758
27;M;1;1;1;1;59;0;5003
32;F;4;1;0;1;2;0;39877
35;M;1;1;0;1;30;0;4985
31;F;4;1;0;1;0;0;5437
30;F;4;1;0;1;0;0;6505
43;M;4;4;0;1;1;0;7399
31;M;1;1;0;1;3;0;9145
30;M;4;1;3;1;3;0;7131
28;F;3;2;0;1;1;1;6567
26;F;1;1;0;1;3;0;10789
34;M;1;1;0;1;0;0;6693
32;F;4;1;3;1;2;0;8203
7;M;1;1;0;1;0;1;6083
24;M;3;1;0;1;0;0;1276
26;F;4;1;0;1;0;0;5345
28;F;1;1;1;1;2;0;6877
27;F;1;1;0;1;44;0;8710
25;M;4;1;1;1;3;0;7542
29;M;1;1;0;1;2;0;4787
31;F;4;1;0;1;3;2;4639
31;M;4;2;16;1;3;1;23671
30;M;4;1;0;1;46;0;4905
23;F;4;1;0;1;0;0;6506
23;F;4;1;0;1;0;0;5990
31;M;3;1;0;1;3;0;9120
34;M;4;1;0;1;1;1;6994
20;F;4;2;0;1;1;0;3774
33;F;4;1;0;1;0;0;7905
31;M;1;3;0;1;2;0;4524
25;M;1;4;0;1;2;1;9198
26;M;1;1;0;1;1;0;8923
25;M;4;1;0;1;1;0;8365
33;F;4;1;1;1;3;1;5035
30;F;4;2;2;1;43;0;1276
29;M;4;1;0;1;0;1;2875
22;F;1;1;0;1;0;0;4989
37;F;4;2;3;1;4;0;6482
30;F;4;1;0;1;0;0;1276
24;F;4;1;0;1;3;0;9902
35;F;4;1;1;1;2;0;7621
25;M;4;1;0;1;2;0;2588
0;M;1;1;0;1;43;0;3032
24;M;1;1;0;1;0;0;1276
18;M;4;1;0;1;2;0;5411
40;F;1;1;1;1;4;0;10175
21;M;4;1;1;1;4;0;25767
32;M;4;1;0;1;2;0;10010
37;F;4;1;1;1;3;1;14939
5;M;4;1;3;1;37;0;1276
32;M;1;1;5;1;0;0;36803
4;M;4;1;2;1;3;1;1276
33;F;4;3;0;1;0;0;12967
27;F;1;1;0;1;1;0;16487
35;F;4;1;2;1;1;1;4914
25;F;4;2;0;1;1;0;1276
37;M;4;1;9;1;0;1;4875
29;F;4;1;0;1;0;0;5722
30;M;4;1;3;1;3;0;4946
20;F;4;1;0;1;3;0;7788
40;F;4;1;0;1;2;0;7971
26;F;3;1;4;1;2;0;2046
27;F;4;1;0;1;4;0;1276
28;M;1;1;0;1;2;0;1873
23;M;1;1;0;1;1;0;6899
23;F;1;1;0;1;0;0;6579
25;M;4;1;0;1;2;1;2074
39;F;4;1;0;1;1;0;8604
29;M;1;4;8;1;2;0;3520
26;M;4;1;2;1;3;0;12448
27;M;4;1;0;1;1;1;2007
25;F;1;1;0;1;0;0;2889
28;F;3;1;0;1;2;0;3235
44;F;1;1;6;1;3;1;8016
26;M;1;1;4;1;2;0;14250
29;F;4;1;4;1;36;0;4514
16;F;4;1;3;1;1;0;8692
21;F;3;2;0;1;2;0;7798
30;F;4;1;0;1;29;0;10168
24;M;1;1;0;1;0;0;4441
31;M;4;1;0;1;2;0;9666
27;F;4;2;0;1;0;0;3230
31;F;4;1;0;1;0;0;7631
31;M;1;1;0;1;0;1;7733
31;M;4;1;1;1;2;0;4210
21;M;4;1;0;1;3;0;5028
26;F;1;4;0;1;14;1;6008
42;F;1;2;0;1;15;1;5071
37;M;1;1;8;1;30;0;7501
32;F;4;1;3;1;1;1;2778
26;F;1;1;0;1;2;0;20147
28;M;4;1;3;1;4;0;2269
36;M;1;1;0;1;1;0;21530
2;M;4;3;0;1;38;0;1748
20;M;4;1;2;1;1;0;6090
29;M;4;1;11;1;26;0;6105
30;F;1;1;0;1;1;2;4600
37;F;3;1;0;1;3;0;11027
34;F;4;1;0;1;0;0;7172
26;M;1;3;0;1;3;1;2066
27;F;1;1;0;1;3;0;1823
31;F;4;1;0;1;0;0;10249
11;F;4;1;9;1;0;0;2006
33;F;4;1;0;1;2;0;10303
10;M;4;1;0;1;0;0;13218
29;F;4;1;3;1;0;0;5736
30;F;4;4;0;1;1;0;25997
23;F;4;1;2;1;0;1;3276
32;F;4;1;0;1;53;0;4236
32;M;4;1;0;1;1;0;1276
27;M;1;1;3;1;51;0;5856
25;M;4;1;0;1;0;0;8094
28;F;4;2;1;1;53;0;5146
22;M;1;1;0;1;0;0;4701
26;M;1;1;2;1;0;0;8835
39;F;3;1;0;1;3;0;7353
27;M;4;1;0;1;3;0;2014
32;F;4;2;0;1;18;0;8599
45;M;4;1;2;1;3;0;5448
30;M;1;1;0;1;2;0;9064
26;M;4;1;0;1;0;0;8728
28;M;4;1;0;1;4;0;4491
25;F;4;1;1;1;27;1;6270
28;F;1;1;0;1;0;0;4666
30;M;3;2;0;1;1;1;34653
26;F;1;1;0;1;1;0;5697
26;F;4;1;18;1;2;0;1276
33;F;4;1;2;1;2;0;3123
24;M;1;1;0;1;0;0;9448
26;M;4;1;5;1;1;0;1847
21;M;1;1;0;1;40;0;9857
32;F;4;1;0;1;1;0;1299
19;M;1;1;0;1;0;0;7873
21;F;1;1;0;1;3;0;1276
33;M;4;1;0;1;0;0;1896
35;F;4;1;0;1;3;1;8037
30;F;4;1;0;1;1;0;8234
24;M;3;2;4;1;1;0;2047
24;M;4;1;0;1;2;0;5291
33;M;4;1;0;1;28;0;3560
0;M;4;1;2;1;3;0;1746
30;M;4;1;0;1;3;0;6091
37;F;1;4;2;1;1;0;5856
24;F;4;1;0;1;3;0;3132
27;M;4;1;3;1;3;0;7352
39;F;1;1;0;1;1;0;6473
31;M;4;1;0;1;3;0;5851
28;F;1;1;0;1;0;0;13393
22;F;1;1;0;1;42;0;3839
31;M;1;1;0;1;2;0;6022
35;F;3;1;0;1;2;0;3261
20;M;1;1;3;1;2;0;1276
33;M;4;1;0;1;3;1;8249
21;F;4;1;0;1;1;0;2850
29;F;1;1;0;1;2;0;7469
42;M;4;1;3;1;35;0;5830
25;M;4;1;1;1;3;0;9298
29;M;4;1;0;1;1;0;37504
31;F;1;1;0;1;2;0;5085
27;F;1;2;0;1;3;0;3122
40;M;1;4;2;1;0;0;2014
35;F;4;4;1;1;2;0;7255
22;F;1;4;4;1;2;0;5890
26;M;1;1;0;1;0;0;6915
37;M;4;1;0;1;2;0;6919
21;F;4;2;0;1;1;0;3401
32;M;4;1;0;1;2;0;8679
16;F;4;3;0;1;1;0;9873
39;F;1;1;3;1;0;0;3356
29;F;4;1;0;1;2;1;13378
37;F;1;1;0;1;2;0;7438
23;M;4;1;0;1;3;0;6703
28;M;1;1;2;1;2;0;6888
21;F;1;1;7;1;2;0;6006
25;M;1;1;3;1;2;0;1871
23;M;3;1;0;1;3;0;29788
22;F;4;1;3;1;2;0;6348
27;M;4;2;6;1;1;1;6088
44;F;3;1;3;1;4;0;1276
26;F;1;1;0;1;0;1;9184
24;F;4;3;3;1;2;0;7804
39;M;4;2;1;1;3;0;6857
28;M;4;2;7;1;0;0;8793
23;M;4;4;3;1;2;0;14715
23;M;4;1;0;1;3;0;2734
31;F;4;2;10;1;1;0;4510
28;M;3;1;5;1;30;0;6068
20;M;1;1;0;1;4;0;2896
27;M;4;1;0;1;1;0;40267
29;M;4;4;2;1;2;0;15652
28;M;4;1;0;1;0;0;9697
20;F;4;1;3;1;1;0;5825
36;M;1;1;0;1;1;1;5895
45;F;4;1;1;1;2;0;7588
25;F;4;1;0;1;2;0;6849
37;F;4;1;0;1;2;0;8246
25;M;4;1;0;1;42;0;7534
33;F;4;1;2;1;0;1;5059
25;F;1;1;0;1;3;0;28256
27;M;3;3;6;1;0;0;10495
21;F;4;1;9;1;2;0;4681
30;M;4;1;3;1;0;0;4369
23;M;1;1;3;1;0;0;10614
27;F;4;1;0;1;0;1;5315
28;M;1;1;0;1;1;0;6196
30;M;1;1;3;1;1;0;6523
33;M;4;1;0;1;1;0;3879
36;M;1;1;0;1;2;0;1276
22;M;3;1;8;1;1;0;8230
26;M;1;1;0;1;1;0;8646
24;M;4;1;2;1;2;0;5810
39;M;4;4;0;1;2;0;5837
1;F;4;1;9;1;2;0;4703
39;M;1;1;0;1;2;0;7862
6;M;4;3;0;1;43;0;5405
35;M;3;1;0;1;0;0;9617
23;F;1;1;0;1;0;0;12798
6;F;4;1;0;1;2;1;5974
36;M;4;1;0;1;53;0;1276
38;M;4;1;6;1;1;0;3832
25;F;4;1;0;1;1;0;9194
28;M;1;1;3;1;0;0;3524
26;F;1;1;0;1;0;0;6711
26;F;4;4;3;1;0;0;13548
41;M;4;1;0;1;2;1;40731
40;F;4;1;0;1;2;0;1276
26;F;4;2;10;1;2;0;2021
22;M;4;1;0;1;3;0;5676
32;M;1;2;2;1;3;0;2142
24;F;4;1;0;1;2;1;11014
33;M;4;1;0;1;2;0;7219
29;F;3;4;1;1;37;1;5459
32;F;4;2;2;1;1;0;13795
25;F;1;1;0;1;20;0;10427
32;M;1;1;5;1;4;1;2619
24;M;4;1;3;1;2;0;9310
23;M;4;1;11;1;3;1;3074
37;M;1;1;2;1;2;0;1276
34;M;1;1;0;1;1;0;9677
27;M;1;1;0;1;0;1;1682
29;F;1;2;0;1;2;0;4311
29;M;1;1;3;1;1;0;5210
5;M;4;2;3;1;0;0;1276
25;F;4;1;0;1;0;0;10425
26;F;4;2;0;1;0;0;1757
9;M;1;1;0;1;37;0;3889
24;F;4;1;0;1;0;0;5992
27;M;1;1;0;1;0;1;36091
29;F;1;1;3;1;1;0;6881
28;M;4;2;0;1;2;0;3855
25;M;1;1;4;1;2;0;3098
23;F;1;1;0;1;0;0;4363
30;M;1;2;0;1;51;0;4209
35;M;4;1;0;1;1;0;1276
31;M;4;1;0;1;1;0;9954
38;M;4;1;3;1;4;0;5045
24;M;1;1;0;1;2;0;23362
37;F;4;1;4;1;1;0;1276
26;F;1;1;0;1;0;0;5804
27;F;4;1;0;1;3;0;4800
31;F;4;1;1;1;3;0;1276
32;F;4;1;0;1;1;0;7848
25;F;4;2;0;1;2;0;6775
13;M;4;1;1;1;39;0;7488
36;M;4;1;0;1;3;0;6602
28;F;1;1;0;1;1;0;5393
36;F;4;1;0;1;0;0;6945
25;M;1;1;0;1;0;0;22521
37;F;4;1;0;1;1;0;5852
32;M;1;1;0;1;2;0;8793
33;F;4;1;0;1;3;0;14986
32;M;4;1;8;1;40;0;4456
9;M;4;1;3;1;3;0;6861
26;F;1;1;0;1;1;1;10947
56;M;4;1;2;1;3;0;3604
32;M;4;1;0;1;2;1;6846
27;M;4;1;20;1;53;0;19258
32;F;1;1;9;1;3;0;1276
29;F;4;4;0;1;2;0;1276
33;F;1;1;2;1;51;0;6538
18;F;4;4;3;1;1;0;8179
31;F;4;1;0;1;0;0;6339
33;M;4;4;2;1;0;0;2395
22;M;4;1;0;1;2;0;4435
29;M;4;1;0;1;0;0;4458
39;M;4;1;0;1;3;0;8258
21;F;4;1;3;1;1;0;6530
31;F;4;1;0;1;2;0;7162
26;F;1;1;1;1;3;1;1276
39;M;1;1;0;1;0;0;6348
29;F;1;2;2;1;0;1;6187
29;F;4;4;0;1;3;0;8284
26;M;1;4;9;1;3;0;7997
30;M;4;2;0;1;1;0;7152
31;F;4;1;0;1;0;0;7042
23;F;1;1;0;1;2;0;3094
35;F;4;4;1;1;1;1;7690
21;F;1;1;0;1;2;0;10680
35;M;3;4;0;1;1;0;9461
23;M;4;1;0;1;1;0;4091
34;F;4;4;0;1;0;0;10228
32;M;4;1;2;1;0;0;5877
33;F;4;1;0;1;0;0;33781
26;M;3;1;1;1;1;0;10881
30;M;1;1;0;1;0;1;2098
0;M;4;1;0;1;2;0;2823
29;M;4;1;0;1;1;0;4979
32;F;4;1;2;1;3;0;9541
30;F;4;1;3;1;23;1;5099
34;M;1;4;0;1;1;0;33834
23;M;4;1;1;1;0;0;2819
39;F;1;1;3;1;45;0;3141
37;M;3;3;0;1;1;0;4247
24;F;4;2;8;1;2;0;8216
24;M;1;1;0;1;3;0;4374
36;M;4;1;2;1;2;1;1615
2;M;4;1;0;1;0;0;9106
30;M;4;1;3;1;2;0;1276
20;M;4;3;0;1;2;0;13638
23;M;4;1;0;1;2;0;4481
36;M;4;1;0;1;1;0;6591
24;M;4;1;0;1;1;0;36646
33;M;4;1;0;1;0;1;5429
28;M;1;1;0;1;1;0;3260
31;M;1;1;0;1;0;0;6623
14;M;3;1;0;1;41;1;3913
22;M;4;1;0;1;48;0;1276
29;F;4;4;3;1;50;0;9816
25;M;4;1;0;1;1;0;3351
28;F;1;1;0;1;44;0;5838
38;F;1;1;0;1;2;1;2374
24;M;4;2;0;1;2;0;10290
33;M;1;1;2;1;3;1;2701
31;M;4;1;0;1;3;0;8656
0;M;1;1;0;1;0;0;9533
33;F;4;1;2;1;2;0;8037
25;M;1;1;8;1;0;0;8835
21;M;4;1;2;1;0;0;14754
32;M;4;1;0;1;3;0;5991
29;M;4;1;0;1;19;0;3904
33;M;1;1;0;1;0;0;30672
22;F;1;1;0;1;21;0;37614
30;F;1;1;0;1;0;0;15975
29;M;4;1;0;1;1;0;3671
36;M;1;1;0;1;1;1;2688
30;F;4;1;2;1;1;0;3099
19;M;1;1;0;1;1;0;19535
29;M;1;1;0;1;1;0;9444
37;M;4;2;2;1;0;1;4789
33;F;1;1;0;1;0;0;5675
36;F;1;1;0;1;0;0;27875
28;M;4;1;2;1;1;0;6222
33;F;4;3;2;1;3;0;22503
31;F;4;2;1;1;21;0;5671
34;M;4;1;0;1;29;0;3003
36;F;4;1;0;1;0;0;7873
29;M;4;1;10;1;0;0;7238
26;M;4;1;1;1;1;0;5396
30;F;1;1;7;1;0;0;7972
21;F;4;1;1;1;2;0;6235
31;F;4;1;0;1;1;0;1297
38;M;4;1;3;1;3;0;5092
40;M;3;1;7;1;0;0;2195
6;M;4;1;0;1;42;0;4210
7;M;1;1;3;1;0;0;1447
24;M;3;1;0;1;2;0;7140
30;F;4;1;8;1;0;1;7664
31;M;3;1;0;1;1;0;1276
21;M;4;1;0;1;2;1;4520
31;M;4;2;6;1;2;0;6159
25;M;3;1;3;1;2;0;8898
26;F;1;1;0;1;1;0;5123
36;F;4;1;0;1;29;0;10934
22;M;4;1;2;1;38;0;7756
41;M;4;1;0;1;1;0;5472
37;M;4;1;3;1;2;0;6640
38;F;4;1;3;1;1;0;3116
31;M;4;3;1;1;4;0;5023
28;F;4;4;0;1;29;3;9028
30;F;4;3;2;1;1;0;4488
42;F;4;1;0;1;57;0;1276
39;F;1;4;2;1;0;0;1824
39;M;1;1;0;1;2;0;8485
24;F;4;1;2;1;2;0;3452
30;F;1;1;3;1;1;0;6599
31;M;4;1;2;1;3;0;11266
40;F;1;1;0;1;48;0;8412
31;F;4;1;3;1;3;1;6051
19;M;4;1;0;1;48;0;1364
30;F;1;1;3;1;55;0;22605
31;M;1;4;1;1;45;2;3342
33;M;4;1;0;1;3;0;8489
36;F;1;1;0;1;0;0;7119
31;F;4;2;0;1;1;0;1276
32;F;1;1;3;1;0;0;13372
25;F;1;3;0;1;0;0;6724
36;M;1;1;2;1;41;0;9163
39;F;1;1;9;1;8;0;9655
31;F;1;1;0;1;3;0;10862
37;M;1;4;0;1;2;0;4649
9;M;1;1;0;1;1;0;5720
36;F;1;1;0;1;2;0;3892
0;M;4;1;0;1;1;0;6873
24;F;4;1;0;1;0;0;6930
29;M;3;4;0;1;0;0;9160
32;F;4;1;19;1;3;0;9283
33;M;4;1;3;1;48;0;8854
33;M;4;1;0;1;0;0;29388
38;M;1;1;0;1;60;0;10635
39;M;4;1;3;1;0;0;3936
15;M;1;1;0;1;0;0;7787
25;F;1;1;0;1;8;0;22033
25;M;1;1;0;1;0;0;14586
34;F;4;1;0;1;16;0;7732
23;M;4;1;0;1;0;1;12973
27;F;4;4;8;1;1;0;7919
21;M;3;1;0;1;2;0;4024
37;M;4;1;10;1;2;0;1276
36;F;1;1;0;1;0;1;1606
37;F;3;4;0;1;46;0;31579
27;M;1;1;0;1;0;0;2323
20;M;1;1;0;1;1;0;1276
26;F;1;1;0;1;0;0;6511
36;M;1;1;9;1;1;0;30117
20;M;4;1;0;1;4;0;19301
23;M;4;1;0;1;3;0;3102
26;M;1;4;8;1;2;0;3903
20;M;1;4;2;1;0;0;5306
25;M;4;1;0;1;2;0;6138
25;F;3;2;0;1;1;0;3499
0;F;4;2;1;1;4;0;5824
35;F;4;1;0;1;2;0;3924
36;M;4;1;3;1;1;0;5867
34;M;1;1;3;1;46;0;5575
28;M;4;1;3;1;3;0;7603
27;F;4;1;0;1;3;0;6241
29;M;4;1;0;1;2;0;10544
30;M;1;1;0;1;2;0;7456
19;M;1;1;6;1;2;0;11018
32;F;1;1;3;1;2;0;4987
24;M;4;2;1;1;53;1;2499
36;M;4;1;0;1;0;0;5306
31;M;4;4;2;1;0;0;2223
22;M;4;1;5;1;1;0;1595
36;F;4;1;2;1;0;0;23650
28;M;4;2;5;1;2;0;35613
31;M;1;1;0;1;0;0;7875
39;M;4;4;3;1;38;0;24229
23;F;3;1;0;1;2;0;1276
8;M;1;1;3;1;0;0;33821
29;M;4;1;0;1;2;0;6990
21;M;4;1;10;1;2;0;2003
29;M;4;1;0;1;1;0;6089
27;F;1;1;2;1;1;0;16280
50;F;4;1;0;1;1;0;7806
35;M;1;4;0;1;0;0;4806
31;M;3;1;8;1;0;0;5204
24;M;3;4;0;1;52;0;6751
30;F;4;1;0;1;0;0;1838
27;M;4;1;3;1;2;0;6400
31;M;4;1;0;1;0;0;8359
36;F;4;1;0;1;4;0;4171
11;M;1;3;0;1;0;0;16037
18;M;4;1;1;1;61;0;3122
30;F;4;3;0;1;0;0;8297
0;F;4;1;2;1;0;0;4222
41;M;1;1;0;1;49;0;8559
41;F;1;1;8;1;3;0;10410
31;M;1;4;3;1;2;0;2779
21;F;4;1;0;1;1;0;12491
34;F;4;1;0;1;0;0;5052
26;M;4;1;2;1;3;0;4572
27;M;4;1;0;1;3;0;6860
19;F;1;1;2;1;3;0;7923
26;M;4;1;0;1;0;0;7536
36;F;4;1;0;1;3;0;21410
22;M;4;3;0;1;2;0;10566
26;M;1;1;0;1;0;0;37820
20;M;4;1;0;1;39;0;4803
25;F;4;1;6;1;2;0;4559
27;F;1;1;19;1;3;1;1747
24;F;1;1;2;1;21;0;1276
34;M;4;1;0;1;0;0;4483
31;F;4;1;0;1;53;0;3064
32;M;4;1;0;1;0;0;25070
53;F;1;1;0;1;1;0;4177
36;M;4;1;0;1;3;0;4404
24;F;4;1;2;1;2;0;36447
37;M;4;1;10;1;2;0;1463
14;F;4;1;5;1;3;0;6827
41;F;3;1;0;1;3;0;6512
0;M;1;2;0;1;1;0;8578
29;F;4;1;3;1;3;0;1276
28;M;4;1;0;1;2;0;3768
31;M;3;1;0;1;2;1;3710
39;M;4;1;2;1;2;0;1276
22;M;4;1;0;1;2;0;4019
28;F;4;1;0;1;2;0;1276
29;F;4;1;0;1;2;0;11974
33;M;4;1;0;1;2;0;5889
23;F;1;1;3;1;1;0;6166
20;M;4;1;0;1;39;2;4808
34;M;1;2;3;1;0;0;8823
23;F;4;2;2;1;3;0;3260
32;F;1;1;0;1;12;0;3342
19;M;4;1;0;1;38;0;4698
16;M;3;1;5;1;1;0;5543
27;F;1;1;0;1;2;0;1276
33;F;4;1;0;1;42;1;6815
30;F;4;2;3;1;34;1;1276
22;M;1;2;0;1;1;0;6601
31;M;3;1;0;1;2;0;8179
25;M;1;1;3;1;1;0;7450
31;M;1;2;0;1;0;0;1276
28;M;4;1;0;1;0;1;12463
30;M;4;1;0;1;3;0;2563
38;M;1;3;0;1;0;0;10121
38;F;1;1;20;1;0;1;18046
33;F;1;1;3;1;0;0;1276
27;M;4;1;0;1;1;0;5188
34;F;4;1;1;1;1;1;8962
28;M;4;1;0;1;3;1;8703
38;M;4;1;0;1;4;0;4139
27;M;1;1;3;1;0;0;1922
23;M;1;1;3;1;0;0;18229
38;F;4;1;0;1;50;0;11668
25;M;4;1;0;1;3;0;2264
29;F;4;1;0;1;4;0;4252
32;F;4;1;0;1;3;0;9248
25;M;1;1;0;1;1;0;6630
21;M;4;1;0;1;3;0;7885
30;M;4;1;10;1;46;0;30230
29;M;1;1;15;1;0;0;8413
27;M;1;1;0;1;2;0;3596
28;M;1;1;0;1;2;0;4491
42;M;4;1;0;1;1;0;6338
31;F;1;4;0;1;43;0;13003
28;M;4;1;0;1;42;0;2117
30;F;1;1;2;1;1;0;1276
32;F;4;1;0;1;54;0;4817
34;F;4;1;2;1;1;0;9469
24;M;4;1;9;1;2;0;1276
26;M;4;1;0;1;3;0;8183
35;F;1;3;0;1;2;0;5595
20;M;1;1;0;1;0;0;3124
26;F;4;1;8;1;3;0;2236
23;F;4;1;0;1;35;0;5814
25;F;1;1;0;1;1;0;9593
35;M;4;2;0;1;3;0;2381
21;M;4;1;3;1;1;1;7993
21;F;4;1;6;1;0;1;3251
25;F;4;1;0;1;2;0;4406
38;M;4;1;2;1;1;0;6335
25;F;3;3;0;1;3;0;1276
28;M;1;1;0;1;0;0;3402
26;F;4;1;1;1;2;0;6996
26;F;1;1;0;1;1;0;1276
29;M;4;1;0;1;1;1;19247
21;M;4;1;3;1;1;0;4034
31;M;1;1;3;1;0;0;9519
30;M;4;1;3;1;2;0;7652
29;F;4;2;0;1;29;0;4332
33;F;3;1;4;1;2;0;6600
20;M;1;1;0;1;0;1;6030
30;F;4;1;0;1;3;1;3234
30;F;4;1;0;1;1;0;2843
31;F;3;1;0;1;1;0;4013
26;M;4;1;16;1;3;0;3875
32;M;1;1;0;1;50;0;4909
8;F;1;4;2;1;3;0;3559
7;M;4;1;0;1;0;0;3568
28;F;1;1;0;1;2;1;7220
32;F;4;1;14;1;1;0;7315
42;F;4;1;0;1;3;0;6439
34;F;1;1;12;1;1;1;9135
21;M;4;1;0;1;2;0;5358
37;M;4;1;0;1;1;0;1276
22;M;1;3;0;1;2;0;2031
31;M;4;1;0;1;0;0;26952
35;F;4;1;0;1;1;0;5324
32;F;4;1;0;1;2;0;8885
27;M;4;1;0;1;3;0;8523
29;M;4;1;0;1;2;0;5524
26;M;1;1;3;1;0;1;6238
28;F;4;2;0;1;2;0;5506
49;M;4;3;0;1;0;0;10563
34;F;1;1;0;1;1;0;6482
2;F;4;1;1;1;57;0;14601
41;M;4;1;0;1;0;0;37517
28;M;1;1;0;1;0;0;1276
39;F;4;1;0;1;1;1;6876
36;M;1;1;0;1;45;0;6872
22;M;1;4;16;1;9;0;7401
26;F;1;1;0;1;0;1;6884
28;F;4;1;0;1;2;0;6901
48;M;4;2;0;1;1;0;6477
25;M;1;1;5;1;0;0;3901
22;F;4;1;0;1;3;0;20043
34;M;1;1;0;1;3;0;7234
27;F;1;2;0;1;3;0;38991
29;F;4;4;2;1;2;0;5106
22;M;4;4;0;1;2;1;7034
28;M;1;1;8;1;2;0;5782
29;F;4;4;0;1;2;0;1276
32;M;4;1;1;1;0;0;4063
37;M;4;1;0;1;2;0;2081
35;F;1;1;8;1;1;0;8545
25;M;1;1;3;1;1;0;7181
27;F;4;1;0;1;2;0;6243
23;M;3;1;1;1;3;1;7956
8;M;4;1;0;1;0;0;1830
37;M;4;1;0;1;1;0;7513
29;F;4;1;0;1;0;0;4129
34;M;1;2;1;1;2;0;7419
28;M;4;1;0;1;1;1;6752
31;M;4;1;0;1;1;0;12256
22;M;4;4;0;1;2;0;5020
32;M;4;1;2;1;29;0;1276
33;F;4;1;1;1;59;0;1276
36;M;4;1;0;1;2;1;5144
29;F;3;2;0;1;0;0;1276
25;M;4;3;0;1;3;3;6087
31;F;4;4;0;1;2;0;10594
29;M;4;2;0;1;2;0;5903
35;M;4;1;0;1;3;0;4357
32;F;4;1;0;1;1;0;5406
34;M;1;1;5;1;0;0;1276
24;M;4;1;15;1;2;0;7545
37;M;1;1;0;1;2;0;2250
34;M;4;1;0;1;2;0;6494
30;M;4;1;0;1;0;0;4776
29;F;4;1;0;1;1;1;9083
31;F;4;1;0;1;3;0;4245
28;M;4;1;0;1;2;0;1467
24;M;1;1;0;1;1;0;6722
22;F;4;1;0;1;42;0;1760
23;F;4;4;0;1;0;0;6250
44;F;1;1;0;1;0;1;3445
30;M;3;1;0;1;1;0;3721
25;M;4;4;0;1;0;0;6516
34;M;1;1;0;1;0;0;6812
26;F;4;1;2;1;3;0;8997
33;M;4;1;0;1;0;0;38763
28;M;4;1;0;1;3;0;3062
27;M;1;1;3;1;1;0;5494
45;M;4;1;3;1;21;0;3157
28;M;3;4;0;1;0;0;16459
24;M;1;1;0;1;2;0;6223
25;F;4;1;3;1;1;0;6566
52;F;1;1;3;1;2;0;6148
34;M;1;1;0;1;4;0;2052
22;M;4;2;0;1;3;0;10578
27;M;4;3;2;1;1;0;8229
33;M;1;1;0;1;1;0;5190
26;M;1;1;0;1;3;0;7762
31;F;4;1;0;1;3;1;3646
29;F;4;2;0;1;0;1;1961
15;M;3;1;0;1;0;0;10094
29;M;4;3;1;1;1;0;6567
37;F;4;1;0;1;3;0;6098
32;M;1;1;2;1;2;0;6192
41;M;4;4;6;1;4;0;9192
24;M;4;1;0;1;3;0;8144
33;F;1;4;0;1;54;0;2373
23;F;1;1;0;1;3;0;7497
25;F;4;4;0;1;3;1;2030
27;F;4;1;0;1;2;1;4064
39;F;4;1;0;1;0;0;6576
29;F;4;2;3;1;1;1;7787
35;F;4;1;7;1;2;1;22661
28;F;4;1;0;1;2;0;2094
41;F;1;1;2;1;31;0;3812
32;F;4;1;0;1;0;0;9249
21;F;4;1;0;1;0;0;41749
28;M;4;2;0;1;46;0;8218
38;M;4;1;8;1;49;0;4764
26;F;4;1;0;1;3;0;7236
31;M;1;4;0;1;1;0;4370
35;M;4;1;12;1;3;1;8144
35;F;4;1;2;1;2;0;5349
26;F;1;1;2;1;0;0;1276
28;M;4;1;3;1;3;0;2115
36;M;4;1;0;1;2;0;6738
24;M;4;1;1;1;3;0;6752
30;M;1;1;3;1;46;0;5234
24;M;4;1;0;1;3;0;8756
21;F;4;1;0;1;0;0;7917
29;M;4;1;0;1;40;0;7512
27;F;4;1;0;1;2;0;8176
29;M;4;2;6;1;2;0;23793
23;M;4;1;0;1;42;0;3926
38;F;4;1;3;1;2;0;4452
41;M;4;1;0;1;3;0;6502
29;M;1;1;0;1;3;0;5750
30;F;4;1;0;1;1;0;6064
21;M;4;2;1;1;1;0;8246
24;F;4;1;0;1;43;0;4129
21;M;1;1;0;1;0;0;2851
15;M;4;1;2;1;50;0;4547
38;M;3;1;0;1;0;0;4832
36;F;4;4;6;1;16;0;26743
28;M;4;1;3;1;3;0;1276
27;F;4;3;12;1;0;0;7033
62;F;4;1;0;1;3;0;1577
23;M;4;1;0;1;3;0;4090
25;F;1;1;0;1;36;0;6575
24;F;1;2;1;1;25;0;5705
33;M;1;1;0;1;55;1;7772
38;F;4;1;0;1;2;0;5574
34;M;4;1;3;1;0;0;36185
30;M;4;1;0;1;45;0;7976
39;M;1;1;0;1;18;0;9971
34;M;4;3;1;1;0;0;7788
34;F;1;4;0;1;1;0;1337
37;M;1;1;0;1;2;0;6824
26;M;4;1;0;1;52;1;4625
31;F;1;1;3;1;1;0;4247
26;M;1;1;0;1;2;0;1333
21;M;4;1;0;1;0;0;30080
32;M;1;1;0;1;1;0;2369
25;F;1;1;2;1;1;0;3941
37;F;1;1;2;1;43;1;1310
34;F;4;1;2;1;2;0;3376
27;M;1;1;1;1;3;3;10373
27;F;4;1;0;1;2;0;5312
36;F;4;1;6;1;0;0;5599
33;M;4;1;0;1;3;1;1276
37;F;4;2;0;1;0;0;22985
23;M;1;1;0;1;16;0;24331
28;F;1;1;2;1;3;0;7567
20;M;4;1;0;1;2;0;5240
27;M;4;1;12;1;3;1;7084
38;M;4;3;0;1;42;3;25332
25;M;4;3;0;1;1;0;8353
29;M;4;2;0;1;0;0;42802
0;M;4;1;0;1;2;0;19977
21;M;4;1;0;1;3;0;4537
22;M;1;1;0;1;1;0;11400
35;F;3;3;0;1;2;0;4847
30;M;4;1;0;1;3;0;3229
23;M;4;1;0;1;0;0;7014
33;M;4;1;0;1;41;0;3439
34;F;4;1;2;1;35;0;10364
20;M;1;1;0;1;0;0;14935
26;F;4;1;0;1;1;0;1679
21;M;4;1;1;1;3;1;5801
40;M;1;1;9;1;4;0;18897
24;F;1;1;0;1;0;0;7145
21;M;4;4;0;1;3;1;7728
28;M;4;1;3;1;2;0;1884
32;M;4;1;0;1;44;0;11005
28;F;1;1;0;1;36;0;4905
29;M;1;1;0;1;0;0;3769
27;M;1;1;3;1;1;0;3217
27;F;4;1;0;1;41;1;5143
31;F;3;2;0;1;3;0;3615
24;F;4;1;3;1;2;0;9187
33;M;4;4;0;1;2;0;5009
13;F;4;1;0;1;1;0;5076
28;F;4;2;0;1;2;0;38497
3;M;4;1;5;1;0;0;26232
29;M;4;1;0;1;56;0;7500
35;M;4;1;0;1;2;1;7844
31;F;1;1;3;1;0;0;3944
32;F;1;1;0;1;1;0;5020
22;M;4;1;4;1;1;1;7788
31;F;1;1;0;1;3;0;24335
40;F;4;3;0;1;0;0;6728
19;F;4;1;0;1;3;0;35173
34;M;4;1;0;1;3;0;2683
51;M;4;1;0;1;2;0;1908
33;F;4;1;3;1;2;0;8051
47;M;4;2;2;1;3;0;4313
19;M;4;1;0;1;3;0;1276
29;F;4;1;0;1;1;0;3457
35;F;1;1;0;1;51;0;3746
32;F;4;1;0;1;0;0;1721
32;M;1;1;0;1;0;0;13747
26;M;1;1;2;1;0;1;4682
20;M;4;1;2;1;2;0;2802
15;M;1;2;1;1;2;0;1276
27;M;4;1;6;1;29;0;3372
34;F;4;1;0;1;1;0;5358
5;M;3;1;16;1;3;0;1276
35;F;4;1;3;1;1;0;9021
13;F;1;1;0;1;3;0;8204
37;F;1;1;3;1;1;0;12245
31;M;4;1;1;1;2;0;5241
36;F;4;1;0;1;2;0;6067
22;F;4;2;0;1;3;0;2642
25;M;1;4;3;1;0;0;6729
36;M;4;1;1;1;3;0;16700
31;F;4;1;1;1;2;0;9458
30;M;1;2;0;1;0;0;8425
23;M;1;1;0;1;55;1;1276
31;F;4;1;0;1;0;0;1842
33;M;4;1;0;1;3;1;23544
28;M;1;1;2;1;3;1;4884
30;M;4;1;0;1;3;0;7977
24;F;4;2;0;1;2;0;1551
5;M;1;1;3;1;2;0;25073
32;F;1;3;0;1;0;0;5205
29;F;4;1;0;1;2;1;1276
28;M;1;1;0;1;0;0;4643
32;F;4;1;9;1;41;0;1377
24;F;1;2;2;1;3;0;6091
41;M;1;4;11;1;0;0;2852
26;M;4;2;3;1;2;0;6523
24;M;3;1;0;1;2;0;4955
34;M;1;2;0;1;2;0;5797
42;F;4;4;0;1;0;0;1276
29;F;1;2;0;1;37;0;7581
27;M;3;1;1;1;0;0;4189
28;F;4;1;7;1;56;0;6750
41;M;1;1;0;1;3;0;2535
0;F;3;2;3;1;3;0;1276
30;F;1;2;5;1;0;1;1981
30;M;4;1;2;1;2;0;24575
30;F;4;3;0;1;2;0;33119
35;F;1;1;5;1;0;0;4330
28;F;1;1;0;1;1;0;4101
31;F;1;1;0;1;0;0;3818
42;F;4;1;0;1;3;0;3970
25;F;4;1;0;1;3;0;1353
37;M;4;1;7;1;39;0;7317
57;F;1;1;0;1;2;0;9939
25;M;4;3;2;1;2;0;6273
41;M;4;1;0;1;2;0;6677
17;M;4;4;0;1;3;0;1604
47;F;4;1;0;1;2;1;4804
37;F;4;1;0;1;0;0;4262
22;M;1;1;0;1;2;0;8873
22;M;4;2;0;1;2;0;4593
22;F;4;1;3;1;3;0;5320
32;M;1;1;0;1;3;0;5941
31;M;4;1;0;1;3;0;6812
32;F;4;1;0;1;40;0;4628
30;F;1;2;10;1;1;1;5051
26;M;1;4;3;1;0;0;7468
1;M;1;2;2;1;0;0;1957
32;M;4;1;0;1;2;0;6003
32;M;1;1;2;1;2;0;9546
31;M;4;1;0;1;1;0;3336
38;F;4;1;0;1;0;0;4809
12;F;1;1;0;1;2;0;11446
31;M;4;2;0;1;2;0;8279
25;F;4;4;0;1;0;0;8743
26;F;4;1;0;1;0;0;9984
22;M;4;2;3;1;1;0;7366
24;F;1;1;0;1;1;0;1276
34;F;3;2;0;1;1;0;5430
33;F;4;1;2;1;1;0;6456
27;F;4;2;0;1;38;1;9589
27;M;1;3;0;1;0;0;4821
32;F;4;1;3;1;2;1;7524
21;F;1;1;0;1;0;0;4530
2;F;1;1;0;1;42;0;7559
29;M;1;1;2;1;27;0;6865
36;M;4;1;3;1;2;0;4609
26;M;4;1;1;1;4;0;4522
27;F;1;2;2;1;2;0;2673
27;F;4;1;0;1;2;0;6645
31;F;4;1;0;1;0;0;8066
29;F;4;1;0;1;1;0;10983
28;F;4;1;0;1;1;0;6802
27;M;1;1;0;1;1;0;37143
28;F;1;2;3;1;1;1;7353
31;F;1;1;0;1;0;0;13043
33;F;1;3;5;1;1;0;7934
34;F;1;4;0;1;1;0;24623
24;M;1;1;0;1;1;0;9141
25;F;3;1;0;1;1;0;4200
35;M;3;1;0;1;22;0;5002
31;F;4;1;0;1;40;0;5806
24;M;4;1;0;1;38;0;10249
26;M;4;1;8;1;24;0;7260
32;M;4;4;3;1;0;0;6849
28;M;1;2;0;1;0;0;5208
27;M;4;1;0;1;23;0;6383
29;M;1;1;0;1;1;0;5097
31;M;4;1;0;1;2;0;2113
40;M;4;4;0;1;3;0;6966
22;F;1;1;0;1;2;0;6301
40;F;4;1;0;1;0;0;7326
28;M;4;1;1;1;2;0;8201
22;M;4;1;0;1;3;0;8584
21;M;4;1;0;1;62;0;7644
35;M;1;4;0;1;1;1;5872
32;F;1;3;0;1;44;0;2189
35;M;4;1;0;1;2;0;42883
28;M;4;1;4;1;1;0;6840
30;F;4;1;6;1;0;2;32244
24;M;1;1;0;1;1;0;8789
23;M;4;1;0;1;0;0;4894
7;F;4;1;0;1;2;0;26426
26;F;1;1;10;1;2;0;9038
22;M;4;1;2;1;1;0;5927
30;M;1;1;0;1;25;0;8745
22;F;4;1;4;1;2;1;6797
26;F;4;4;0;1;2;0;6574
23;F;3;1;2;1;16;0;9201
32;M;1;2;1;1;1;0;9814
21;M;3;4;0;1;0;0;1276
22;M;4;1;3;1;0;0;5758
25;M;1;1;0;1;1;0;3349
34;M;4;1;2;1;3;0;7342
35;M;4;4;3;1;1;0;9488
8;M;4;4;0;1;3;1;5088
27;M;4;1;0;1;1;0;9022
36;M;1;1;0;1;4;0;6229
34;F;4;1;0;1;2;0;8842
29;M;4;1;2;1;0;0;10130
7;M;4;1;3;1;43;0;11228
33;F;4;1;1;1;41;0;7859
29;M;4;1;0;1;38;0;1276
39;F;1;1;0;1;1;1;26425
30;M;1;1;8;1;24;0;7249
29;F;4;3;7;1;1;0;17281
30;F;4;3;0;1;3;0;7381
32;F;1;1;3;1;35;0;6051
38;F;4;1;3;1;2;0;8343
37;F;4;2;3;1;2;0;6415
6;M;4;1;0;1;1;1;4146
26;F;1;1;0;1;38;0;5900
36;M;4;1;0;1;4;0;5763
34;F;1;1;1;1;1;0;5330
29;M;4;1;0;1;2;0;4697
37;M;4;1;0;1;0;1;19103
47;F;4;2;2;1;1;0;3475
30;M;1;3;0;1;0;1;17810
27;F;4;1;1;1;2;0;6962
27;M;4;1;2;1;2;0;6908
30;F;1;1;0;1;0;0;7302
34;M;4;1;2;1;43;0;4668
31;M;3;1;0;1;0;0;6126
31;F;4;1;0;1;4;0;6257
21;M;1;1;0;1;2;0;1709
27;M;4;1;0;1;1;0;1276
34;M;4;1;0;1;0;0;1276
25;F;1;1;12;1;2;0;4500
25;M;4;1;0;1;4;1;3643
33;M;1;1;3;1;2;0;1276
29;M;4;2;3;1;3;0;3339
25;M;1;1;18;1;0;0;6760
28;M;4;1;0;1;2;0;7321
23;F;1;1;0;1;1;0;8161
27;M;4;1;3;1;33;0;2578
34;F;1;2;0;1;1;0;5194
31;M;4;2;0;1;2;0;9483
30;M;1;1;0;1;3;0;18062
25;F;4;1;0;1;37;0;4644
36;M;1;4;3;1;0;0;5300
25;M;4;1;0;1;0;0;7736
28;M;3;1;0;1;2;0;5051
28;F;4;1;0;1;53;0;1276
32;M;3;1;0;1;3;0;5668
47;F;3;1;0;1;0;0;4855
25;M;4;1;3;1;1;0;2958
35;M;4;1;0;1;3;0;2805
28;M;4;2;2;1;0;0;5695
28;F;4;4;0;1;1;0;5923
28;F;4;1;3;1;3;0;25102
35;M;4;1;3;1;1;0;7668
34;F;4;1;0;1;1;0;26906
34;F;4;1;0;1;1;0;1533
1;M;1;2;0;1;1;0;34934
30;F;4;4;0;1;0;0;1276
26;F;1;2;0;1;0;0;8966
30;F;1;1;2;1;3;0;2403
28;F;1;1;2;1;1;0;7088
28;M;1;1;2;1;0;0;5309
36;M;4;1;0;1;2;0;2164
30;F;1;4;1;1;2;0;4091
25;M;1;1;15;1;2;0;7440
30;M;4;1;0;1;53;0;1990
1;F;4;1;0;1;3;0;2784
39;M;4;1;0;1;3;1;5887
25;M;3;4;0;1;1;0;8082
24;F;1;1;13;1;1;0;4827
21;M;4;1;9;1;2;1;11267
36;M;4;1;0;1;2;0;9924
23;M;1;1;1;1;3;0;10564
40;F;1;1;0;1;2;0;8123
42;M;4;1;0;1;36;0;9261
26;F;1;1;0;1;2;1;8483
29;M;4;1;0;1;1;0;1988
35;M;4;1;0;1;2;0;9043
30;F;4;2;0;1;35;0;8851
40;F;4;1;0;1;28;0;8781
34;F;4;1;9;1;1;0;2343
29;F;4;2;0;1;30;0;18056
27;M;1;1;0;1;1;0;5980
28;F;4;1;0;1;3;0;8582
25;F;3;1;0;1;58;0;2801
25;M;1;1;0;1;0;0;5749
24;M;1;1;3;1;1;0;13974
34;M;1;1;0;1;1;0;33027
37;F;3;1;3;1;0;0;7405
39;M;4;1;0;1;0;0;9039
28;F;1;1;8;1;0;0;3817
32;F;4;1;0;1;0;0;1711
24;F;4;3;0;1;2;0;25585
27;M;4;1;0;1;3;0;8238
32;F;1;1;0;1;2;0;1276
20;M;1;2;0;1;2;1;7647
29;F;4;1;1;1;0;0;31777
14;F;4;2;0;1;2;1;6662
28;M;4;3;0;1;0;0;5007
25;F;4;1;0;1;2;0;6283
26;M;4;1;0;1;1;0;18455
39;M;4;1;6;1;49;0;2956
19;F;4;1;0;1;1;0;7173
34;M;1;1;1;1;38;0;15264
26;F;4;1;0;1;3;0;1276
33;M;3;1;0;1;0;0;2571
27;M;4;1;3;1;4;0;3637
27;M;4;1;2;1;1;0;4731
30;F;4;1;0;1;2;0;1276
33;F;1;3;1;1;2;0;2084
28;M;4;1;0;1;43;0;5876
41;M;1;1;3;1;0;0;1276
20;M;4;1;0;1;54;0;7818
24;F;4;2;0;1;2;0;21648
40;M;1;2;2;1;1;0;28865
26;F;4;4;0;1;0;0;5060
25;M;4;3;0;1;1;0;4893
25;M;4;1;0;1;2;0;24502
39;M;1;4;3;1;3;1;8317
28;M;1;1;2;1;27;1;1844
40;F;4;1;18;1;0;1;7468
31;M;1;1;9;1;1;0;7405
29;M;3;1;0;1;1;1;9442
32;M;3;1;0;1;2;0;3997
37;M;4;1;2;1;2;0;18052
26;M;1;1;2;1;2;0;5328
22;F;4;1;0;1;2;0;1276
40;F;4;2;3;1;1;0;9043
29;M;1;2;0;1;0;0;10899
30;F;1;1;1;1;2;0;9998
33;M;4;1;3;1;46;0;7937
32;F;4;1;17;1;3;1;8000
20;M;4;2;0;1;3;0;7915
39;F;4;1;0;1;2;0;8423
1;F;4;4;0;1;1;0;6947
25;F;1;1;0;1;37;0;31402
28;M;4;1;0;1;3;0;9712
48;M;4;1;0;1;3;0;4463
25;M;1;1;9;1;4;0;7463
36;F;4;1;1;1;1;0;7878
38;F;4;2;0;1;1;0;9623
20;F;1;1;0;1;1;0;8811
37;M;1;1;3;1;1;0;6455
38;M;1;1;0;1;54;0;7427
32;M;1;1;3;1;1;0;1276
28;M;4;1;0;1;3;0;23658
32;F;1;1;0;1;2;0;4055
56;F;1;1;0;1;43;0;13432
49;F;4;1;3;1;2;0;1276
0;F;4;1;0;1;0;1;4460
25;M;4;4;19;1;1;0;3384
46;F;4;1;1;1;40;0;6320
30;F;1;1;0;1;40;0;1659
23;M;4;1;0;1;3;0;7490
28;M;1;1;0;1;0;0;7002
23;F;4;1;1;1;2;0;3253
29;M;4;2;2;1;0;0;3743
25;F;1;1;0;1;1;0;5681
26;M;1;1;1;1;3;0;8230
23;F;1;1;0;1;1;0;2886
6;F;4;1;0;1;36;0;8299
37;F;4;1;0;1;3;0;9451
30;M;4;2;0;1;1;0;9558
9;F;1;1;0;1;18;0;2501
31;F;1;1;0;1;0;0;2180
28;M;4;1;0;1;1;0;4490
31;F;1;1;0;1;2;0;4898
31;F;4;1;0;1;0;0;1276
30;F;4;4;0;1;0;1;7995
11;M;4;3;0;1;2;0;40105
25;M;1;1;0;1;1;1;7056
29;F;1;1;0;1;0;0;6840
22;M;4;1;6;1;3;0;6805
37;M;1;1;0;1;3;0;8752
30;M;4;1;0;1;0;0;5462
38;M;4;1;2;1;1;0;7408
43;F;4;1;10;1;1;0;8231
36;M;4;1;6;1;2;0;6515
25;F;1;1;2;1;3;0;1276
42;M;4;1;2;1;34;0;4439
24;M;1;1;0;1;3;0;3022
28;M;4;1;0;1;2;1;7260
19;M;4;2;0;1;51;0;10999
34;M;4;1;0;1;2;0;3961
29;F;3;2;2;1;0;0;1995
25;M;4;2;1;1;59;0;4790
29;F;1;1;0;1;1;1;1276
29;F;1;1;0;1;3;0;2413
36;M;4;1;1;1;0;0;26701
34;F;4;3;0;1;2;0;8995
35;F;4;1;0;1;0;0;1656
30;F;4;1;0;1;2;0;7569
53;M;1;1;0;1;4;0;2919
38;M;4;2;0;1;58;0;9072
32;M;1;1;0;1;2;1;23958
34;M;4;1;0;1;2;0;13082
28;F;1;1;1;1;52;0;5301
31;F;1;1;0;1;1;0;10758
36;M;1;1;0;1;2;0;7577
29;F;1;1;15;1;0;0;7749
29;M;4;1;0;1;3;1;5069
26;F;1;1;0;1;2;0;3074
30;M;1;1;0;1;29;0;8653
35;F;4;1;0;1;2;0;8039
29;F;4;2;0;1;1;0;1276
42;F;1;1;3;1;1;4;7507
28;F;4;1;3;1;0;0;7748
28;F;1;1;1;1;3;0;4585
39;M;1;1;0;1;3;0;6586
27;M;1;1;0;1;0;0;10316
23;M;1;1;1;1;0;0;2810
36;M;1;2;2;1;2;0;12823
23;M;4;1;2;1;0;0;1276
33;F;4;3;0;1;0;0;4220
4;F;1;1;6;1;0;0;7601
22;F;1;1;0;1;1;0;10111
27;F;4;2;0;1;2;0;6561
37;M;1;4;0;1;0;0;37995
33;M;4;1;3;1;1;0;4817
19;F;1;1;3;1;30;0;25174
30;M;1;1;0;1;2;0;5083
33;F;4;1;16;1;3;0;1276
30;M;1;4;0;1;2;0;5398
42;M;1;1;0;1;1;1;5080
22;F;4;1;0;1;56;0;3348
29;F;4;1;0;1;2;0;28007
20;F;4;1;0;1;2;0;10031
1;F;4;1;0;1;1;0;14123
29;M;4;1;0;1;0;0;24788
19;M;4;2;0;1;50;0;4533
35;M;4;1;0;1;0;1;4935
0;F;1;2;0;1;1;0;12915
25;F;4;3;0;1;1;0;5888
32;M;4;1;0;1;2;0;5661
43;M;1;1;2;1;1;0;24936
34;M;1;2;0;1;2;0;7839
38;M;4;1;0;1;3;1;3165
25;F;4;1;3;1;3;0;6305
28;M;4;1;0;1;3;0;25052
10;M;1;1;3;1;3;0;6507
24;F;4;1;1;1;2;0;4018
28;F;4;1;0;1;1;0;9473
30;F;4;2;0;1;3;0;3768
23;M;1;1;0;1;3;0;4791
33;F;4;1;0;1;2;0;3369
24;F;1;2;0;1;3;1;6418
40;M;4;3;0;1;1;0;8153
28;F;4;2;1;1;3;0;2977
22;F;4;4;0;1;3;0;10721
27;F;1;2;0;1;1;0;4774
30;M;4;1;0;1;36;0;1623
19;M;4;4;0;1;2;0;8707
30;M;4;2;0;1;3;0;9690
31;M;1;1;0;1;25;0;10186
42;M;4;1;0;1;47;0;10193
33;F;1;1;0;1;39;0;8373
39;F;4;1;0;1;0;0;7812
28;F;4;1;14;1;1;0;8592
28;M;4;1;2;1;1;0;4675
34;M;1;1;0;1;23;0;1503
25;F;4;2;0;1;3;0;6417
25;M;1;4;7;1;56;0;2296
4;M;1;3;1;1;0;0;3124
25;F;3;1;1;1;0;0;6975
22;F;4;3;1;1;0;0;6753
30;M;4;1;1;1;3;0;5596
36;M;4;1;0;1;2;0;11379
25;M;4;1;0;1;4;0;4208
32;M;1;1;0;1;3;0;9773
0;M;4;1;0;1;0;0;5706
31;F;1;1;0;1;26;0;3680
28;M;1;1;2;1;2;0;19160
30;F;1;2;0;1;1;0;19386
26;M;4;1;1;1;22;0;6178
33;F;1;1;4;1;2;0;7121
21;F;4;1;19;1;2;0;7061
27;M;4;1;0;1;4;0;9467
43;M;1;1;3;1;0;0;4951
23;M;1;1;0;1;23;0;5754
23;M;4;1;0;1;1;0;7175
40;M;1;4;0;1;2;0;7497
25;M;4;1;4;1;3;1;1489
34;F;1;1;3;1;2;0;8202
35;F;1;1;0;1;3;0;4673
31;M;1;2;3;1;58;0;3309
40;M;4;1;2;1;2;1;21180
22;M;1;1;3;1;1;0;5342
35;F;4;1;0;1;3;0;7903
39;F;1;1;0;1;0;0;3104
27;F;4;1;0;1;0;0;7170
27;F;4;1;3;1;2;0;6273
42;M;4;1;3;1;60;1;6802
36;F;1;1;0;1;0;0;36396
35;M;1;2;0;1;0;0;6752
29;M;4;1;0;1;2;0;5694
26;M;3;1;7;1;0;0;4655
34;F;4;1;3;1;1;0;10165
0;M;4;1;9;1;2;0;8725
36;M;4;1;0;1;27;0;1276
27;F;4;1;2;1;47;0;25451
21;M;4;1;1;1;2;0;10141
0;M;4;1;2;1;3;0;4265
26;F;1;1;0;1;37;0;2823
24;M;4;1;0;1;1;0;7019
26;M;4;1;1;1;1;0;1276
48;F;4;1;3;1;0;0;8792
25;M;1;1;0;1;0;0;7367
29;M;4;1;0;1;47;0;1952
29;F;4;1;0;1;2;0;21646
38;M;4;4;3;1;51;0;1502
21;F;1;1;0;1;1;0;41546
25;F;4;1;0;1;3;0;2814
20;F;4;1;0;1;1;0;1276
27;F;4;2;1;1;2;0;5241
39;M;1;1;3;1;2;0;6930
34;M;4;1;0;1;0;0;8155
21;M;1;4;0;1;3;0;1276
39;M;1;1;0;1;2;0;5492
32;F;4;2;6;1;2;0;24342
33;F;1;1;10;1;1;0;4769
40;M;1;1;0;1;1;0;7239
25;M;1;1;0;1;0;0;3383
22;F;4;2;12;1;3;1;9095
25;M;4;1;0;1;2;0;4791
27;F;4;2;0;1;0;0;4416
8;F;4;1;0;1;3;0;1276
26;M;1;2;0;1;0;0;8507
30;M;4;1;0;1;4;0;5710
25;M;4;1;0;1;2;0;5086
37;M;1;1;0;1;1;0;8291
31;M;1;1;0;1;2;0;7638
32;M;4;1;4;1;0;1;6786
26;F;1;2;0;1;0;0;3863
28;M;4;2;9;1;1;1;2162
31;M;1;1;0;1;39;0;4654
31;M;4;1;0;1;1;0;9289
30;F;4;4;0;1;0;0;2705
28;M;4;1;1;1;2;0;42426
33;F;4;1;1;1;55;0;16411
38;M;4;1;2;1;1;0;16811
31;F;4;1;3;1;3;0;8741
31;F;4;1;10;1;27;1;5036
36;M;1;1;0;1;36;0;6641
38;M;4;1;0;1;1;0;1367
23;M;1;1;0;1;1;0;1276
39;M;4;2;0;1;2;0;5823
24;M;4;1;2;1;1;0;10282
29;M;4;1;0;1;0;0;2647
27;M;1;2;17;1;0;0;7172
38;F;4;1;0;1;0;0;9412
34;M;4;1;0;1;0;0;8732
33;F;4;1;0;1;3;1;10456
30;F;4;1;0;1;0;0;2708
20;M;4;1;0;1;2;0;3694
34;F;4;1;2;1;2;0;4911
33;F;1;4;3;1;3;0;9589
21;M;4;1;0;1;2;0;12636
0;M;1;2;0;1;2;0;30049
24;F;1;4;9;1;1;0;4140
0;F;3;1;0;1;2;1;1276
29;M;4;1;0;1;2;0;1276
23;F;1;1;10;1;0;0;33321
24;M;4;1;0;1;0;0;10094
31;F;4;1;0;1;47;0;13611
21;M;4;1;0;1;3;0;7191
35;F;1;4;0;1;36;0;3370
22;M;4;2;0;1;3;0;3820
37;F;4;1;1;1;3;0;1276
26;M;1;1;0;1;2;0;1276
22;M;4;1;0;1;2;0;8286
30;M;4;1;0;1;1;0;20661
38;M;4;1;1;1;3;0;9176
31;F;4;3;0;1;0;0;10039
28;M;4;1;0;1;0;0;9880
13;M;1;1;8;1;0;0;5033
28;M;4;4;0;1;2;1;1276
23;F;3;1;0;1;0;0;8866
29;M;1;1;0;1;1;0;2794
27;M;1;1;19;1;9;0;5460
20;M;4;1;0;1;1;0;7473
31;F;4;2;8;1;2;0;29670
26;M;4;1;2;1;3;0;4922
32;M;1;1;0;1;0;0;8326
30;M;4;1;3;1;1;0;1396
21;M;1;1;0;1;2;0;26159
30;M;4;4;1;1;1;0;2120
32;M;4;1;0;1;3;0;8622
31;M;4;1;0;1;1;0;9243
33;M;1;1;0;1;1;0;4635
32;M;4;2;0;1;0;0;7793
34;M;4;4;11;1;6;0;7921
35;F;4;1;0;1;25;0;2959
36;F;4;1;0;1;0;1;1276
30;M;1;1;1;1;2;0;4755
25;M;4;1;2;1;3;0;7500
30;M;3;1;0;1;0;0;9268
32;M;4;1;0;1;3;0;3940
20;M;4;1;0;1;3;0;1276
30;F;1;1;1;1;41;0;19762
32;F;4;1;0;1;2;0;10854
27;M;4;1;0;1;61;1;2608
30;M;4;1;0;1;2;0;1276
20;M;4;1;0;1;0;0;16193
0;M;1;1;3;1;3;1;18820
33;M;1;1;0;1;40;0;3255
26;F;1;4;0;1;2;0;8271
29;M;4;1;1;1;45;0;3267
40;F;4;1;2;1;1;0;6564
41;M;1;3;4;1;0;0;3512
27;F;4;1;3;1;2;0;9310
34;M;4;1;3;1;2;0;4800
27;M;1;1;0;1;0;1;7344
62;F;4;1;2;1;3;1;6331
23;F;4;2;0;1;1;0;4942
27;M;1;1;1;1;0;0;1276
25;F;4;1;0;1;2;0;8141
42;M;4;1;9;1;0;0;1276
27;F;1;4;4;1;2;0;1276
34;M;4;1;11;1;17;1;7022
18;M;4;2;0;1;37;0;29429
38;M;3;1;0;1;1;0;4254
29;F;4;1;3;1;2;0;9406
42;M;1;1;0;1;0;0;5759
38;F;4;1;0;1;2;0;1445
26;M;4;1;0;1;2;0;2721
31;F;1;1;3;1;3;0;1276
28;M;1;2;0;1;0;3;30645
29;M;4;1;13;1;3;1;5377
36;M;4;1;0;1;0;0;19925
39;M;4;1;0;1;2;0;6007
38;M;4;1;0;1;1;0;2113
31;M;4;1;0;1;0;0;7891
31;M;4;3;1;1;2;0;20909
25;M;4;1;0;1;1;0;1762
36;F;4;1;0;1;53;0;3837
27;F;1;2;0;1;3;0;6552
26;F;1;1;0;1;1;0;2846
23;M;4;1;0;1;17;0;4563
32;F;4;1;9;1;3;0;4603
28;M;1;1;0;1;0;0;25909
32;M;1;1;2;1;0;0;7280
24;F;4;1;0;1;41;1;6656
24;M;4;1;2;1;3;0;5115
27;F;4;1;2;1;1;0;9447
22;F;1;1;0;1;1;0;2455
29;M;3;1;0;1;0;0;18234
31;M;1;1;0;1;6;0;9774
32;M;4;1;0;1;4;0;3613
34;M;4;1;0;1;0;0;1276
29;M;4;1;0;1;30;0;18316
33;M;1;1;3;1;3;0;4319
28;F;4;1;0;1;1;0;1595
39;F;4;1;10;1;2;0;5213
33;F;4;1;2;1;0;0;2128
44;F;4;1;0;1;0;0;7617
32;M;4;1;0;1;38;0;4492
33;F;1;1;5;1;0;0;13005
38;F;1;1;2;1;1;0;4401
37;M;4;1;2;1;0;0;3296
30;M;1;1;0;1;1;1;1276
1;M;4;1;0;1;2;0;2091
27;F;4;1;0;1;3;0;3099
33;M;4;1;3;1;0;0;8450
22;M;1;1;8;1;0;0;6500
25;F;1;4;3;1;0;0;9401
33;M;4;1;0;1;3;0;7816
23;F;4;1;0;1;3;0;1276
28;M;4;1;3;1;0;0;2792
29;F;4;1;2;1;1;0;6165
31;M;4;2;0;1;2;0;2500
38;F;3;1;0;1;2;0;6971
27;M;3;1;0;1;0;0;3390
21;M;1;1;0;1;1;0;3100
46;F;1;1;0;1;32;0;7485
35;F;3;1;0;1;3;0;5340
18;M;4;1;3;1;32;0;2990
